{"apiVersion":1,"groups":[{"orgId":1,"name":"Application Operations","folder":"Azure Monitor","interval":"1m","rules":[{"uid":"edyr884bbjsw0e","title":"Availability requests HTTP status 200","condition":"C","data":[{"refId":"A","queryType":"Azure Monitor","relativeTimeRange":{"from":21600,"to":0},"datasourceUid":"azure-monitor-oob","model":{"azureMonitor":{"aggregation":"Average","allowedTimeGrainsMs":[60000,300000,900000,1800000,3600000,21600000,43200000,86400000],"customNamespace":"microsoft.insights/components","dimensionFilters":[{"dimension":"availabilityResult/name","filters":["testhttpmonitor-acn","testhttpmonitor-cariad"],"operator":"eq"}],"metricName":"availabilityResults/availabilityPercentage","metricNamespace":"microsoft.insights/components","region":"eastus","resources":[{"metricNamespace":"Microsoft.Insights/components","region":"eastus","resourceGroup":"rg-clean-muskox","resourceName":"testsslmonitor","subscription":"e95d0b94-79ed-4cd0-9272-bcfceafcc77b"}],"timeGrain":"auto","top":"10"},"datasource":{"type":"grafana-azure-monitor-datasource","uid":"azure-monitor-oob"},"intervalMs":1000,"maxDataPoints":43200,"queryType":"Azure Monitor","refId":"A","subscription":"e95d0b94-79ed-4cd0-9272-bcfceafcc77b"}},{"refId":"B","relativeTimeRange":{"from":0,"to":0},"datasourceUid":"__expr__","model":{"conditions":[{"evaluator":{"params":[],"type":"gt"},"operator":{"type":"and"},"query":{"params":["B"]},"reducer":{"params":[],"type":"last"},"type":"query"}],"datasource":{"type":"__expr__","uid":"__expr__"},"expression":"A","intervalMs":1000,"maxDataPoints":43200,"reducer":"min","refId":"B","settings":{"mode":"dropNN"},"type":"reduce"}},{"refId":"C","relativeTimeRange":{"from":0,"to":0},"datasourceUid":"__expr__","model":{"conditions":[{"evaluator":{"params":[99],"type":"lt"},"operator":{"type":"and"},"query":{"params":["C"]},"reducer":{"params":[],"type":"last"},"type":"query"}],"datasource":{"type":"__expr__","uid":"__expr__"},"expression":"B","intervalMs":1000,"maxDataPoints":43200,"refId":"C","type":"threshold"}}],"dashboardUid":"fdygcxhb3xji8a","panelId":6,"noDataState":"NoData","execErrState":"Error","for":"5m","annotations":{"__dashboardUid__":"fdygcxhb3xji8a","__panelId__":"6","summary":"Endpoint availavility is lower than 90%"},"labels":{"group":"ops"},"isPaused":false},{"uid":"bdyr8b3ckr6yoc","title":"Failed availability requests","condition":"C","data":[{"refId":"A","queryType":"Azure Monitor","relativeTimeRange":{"from":21600,"to":0},"datasourceUid":"azure-monitor-oob","model":{"azureMonitor":{"aggregation":"Count","allowedTimeGrainsMs":[60000,300000,900000,1800000,3600000,21600000,43200000,86400000],"customNamespace":"","dimensionFilters":[],"metricName":"requests/failed","metricNamespace":"microsoft.insights/components","region":"eastus","resources":[{"metricNamespace":"Microsoft.Insights/components","region":"eastus","resourceGroup":"rg-clean-muskox","resourceName":"testsslmonitor","subscription":"e95d0b94-79ed-4cd0-9272-bcfceafcc77b"}],"timeGrain":"auto","top":"10"},"datasource":{"type":"grafana-azure-monitor-datasource","uid":"azure-monitor-oob"},"intervalMs":1000,"maxDataPoints":43200,"queryType":"Azure Monitor","refId":"A","subscription":"e95d0b94-79ed-4cd0-9272-bcfceafcc77b"}},{"refId":"B","relativeTimeRange":{"from":0,"to":0},"datasourceUid":"__expr__","model":{"conditions":[{"evaluator":{"params":[],"type":"gt"},"operator":{"type":"and"},"query":{"params":["B"]},"reducer":{"params":[],"type":"last"},"type":"query"}],"datasource":{"type":"__expr__","uid":"__expr__"},"expression":"A","intervalMs":1000,"maxDataPoints":43200,"reducer":"last","refId":"B","type":"reduce"}},{"refId":"C","relativeTimeRange":{"from":0,"to":0},"datasourceUid":"__expr__","model":{"conditions":[{"evaluator":{"params":[10],"type":"gt"},"operator":{"type":"and"},"query":{"params":["C"]},"reducer":{"params":[],"type":"last"},"type":"query"}],"datasource":{"type":"__expr__","uid":"__expr__"},"expression":"B","intervalMs":1000,"maxDataPoints":43200,"refId":"C","type":"threshold"}}],"dashboardUid":"fdygcxhb3xji8a","panelId":2,"noDataState":"NoData","execErrState":"Error","for":"5m","annotations":{"__dashboardUid__":"fdygcxhb3xji8a","__panelId__":"2","summary":"Failed availability requests reached number of 10"},"labels":{"group":"ops"},"isPaused":false},{"uid":"bdyraf1h36zgge","title":"SSL Expire Days testsslmonitor-cariad","condition":"C","data":[{"refId":"A","queryType":"Azure Log Analytics","relativeTimeRange":{"from":21600,"to":0},"datasourceUid":"azure-monitor-oob","model":{"azureLogAnalytics":{"dashboardTime":true,"query":"availabilityResults\r\n| where message contains \"Certificate will expire in\"\r\n| where name contains \"testsslmonitor-acn\"\r\n| extend ExpireDays = toint(extract(\"Certificate will expire in ([0-9]+) day\", 1, message))\r\n| sort by timestamp desc\r\n| limit 1\r\n| project name, ExpireDays","resources":["/subscriptions/e95d0b94-79ed-4cd0-9272-bcfceafcc77b/resourceGroups/rg-clean-muskox/providers/Microsoft.Insights/components/testsslmonitor"],"resultFormat":"logs","timeColumn":"timestamp","workspace":""},"datasource":{"type":"grafana-azure-monitor-datasource","uid":"azure-monitor-oob"},"intervalMs":1000,"maxDataPoints":43200,"queryType":"Azure Log Analytics","refId":"A"}},{"refId":"B","relativeTimeRange":{"from":0,"to":0},"datasourceUid":"__expr__","model":{"conditions":[{"evaluator":{"params":[],"type":"gt"},"operator":{"type":"and"},"query":{"params":["B"]},"reducer":{"params":[],"type":"last"},"type":"query"}],"datasource":{"type":"__expr__","uid":"__expr__"},"expression":"A","intervalMs":1000,"maxDataPoints":43200,"reducer":"last","refId":"B","type":"reduce"}},{"refId":"C","relativeTimeRange":{"from":0,"to":0},"datasourceUid":"__expr__","model":{"conditions":[{"evaluator":{"params":[90],"type":"lt"},"operator":{"type":"and"},"query":{"params":["C"]},"reducer":{"params":[],"type":"last"},"type":"query"}],"datasource":{"type":"__expr__","uid":"__expr__"},"expression":"B","intervalMs":1000,"maxDataPoints":43200,"refId":"C","type":"threshold"}}],"dashboardUid":"fdygcxhb3xji8a","panelId":7,"noDataState":"NoData","execErrState":"Error","for":"5m","annotations":{"__dashboardUid__":"fdygcxhb3xji8a","__panelId__":"7","description":"SSL Certificate expires less than in 90 days","summary":"SSL Crtificate will expire in less than 90 days"},"labels":{"group":"ops"},"isPaused":false},{"uid":"adyraw4mt58n4f","title":"SSL Expire Days testsslmonitor-acn (copy)","condition":"C","data":[{"refId":"A","queryType":"Azure Log Analytics","relativeTimeRange":{"from":21600,"to":0},"datasourceUid":"azure-monitor-oob","model":{"azureLogAnalytics":{"dashboardTime":true,"query":"availabilityResults\r\n| where message contains \"Certificate will expire in\"\r\n| where name contains \"testsslmonitor-cariad\"\r\n| extend ExpireDays = toint(extract(\"Certificate will expire in ([0-9]+) day\", 1, message))\r\n| sort by timestamp desc\r\n| limit 1\r\n| project name, ExpireDays","resources":["/subscriptions/e95d0b94-79ed-4cd0-9272-bcfceafcc77b/resourceGroups/rg-clean-muskox/providers/Microsoft.Insights/components/testsslmonitor"],"resultFormat":"logs","timeColumn":"timestamp","workspace":""},"datasource":{"type":"grafana-azure-monitor-datasource","uid":"azure-monitor-oob"},"intervalMs":1000,"maxDataPoints":43200,"queryType":"Azure Log Analytics","refId":"A"}},{"refId":"B","relativeTimeRange":{"from":21600,"to":0},"datasourceUid":"__expr__","model":{"conditions":[{"evaluator":{"params":[],"type":"gt"},"operator":{"type":"and"},"query":{"params":["B"]},"reducer":{"params":[],"type":"last"},"type":"query"}],"datasource":{"type":"__expr__","uid":"__expr__"},"expression":"A","intervalMs":1000,"maxDataPoints":43200,"reducer":"last","refId":"B","type":"reduce"}},{"refId":"C","relativeTimeRange":{"from":21600,"to":0},"datasourceUid":"__expr__","model":{"conditions":[{"evaluator":{"params":[90],"type":"lt"},"operator":{"type":"and"},"query":{"params":["C"]},"reducer":{"params":[],"type":"last"},"type":"query"}],"datasource":{"type":"__expr__","uid":"__expr__"},"expression":"B","intervalMs":1000,"maxDataPoints":43200,"refId":"C","type":"threshold"}}],"dashboardUid":"fdygcxhb3xji8a","panelId":7,"noDataState":"NoData","execErrState":"Error","for":"5m","annotations":{"__dashboardUid__":"fdygcxhb3xji8a","__panelId__":"7","summary":"SSL Crtificate will expire in less than 90 days"},"labels":{"group":"ops"},"isPaused":false},{"uid":"fdyr8lc8dfthcc","title":"Web Endpoint Test latency","condition":"C","data":[{"refId":"A","queryType":"Azure Monitor","relativeTimeRange":{"from":21600,"to":0},"datasourceUid":"azure-monitor-oob","model":{"azureMonitor":{"aggregation":"Average","allowedTimeGrainsMs":[60000,300000,900000,1800000,3600000,21600000,43200000,86400000],"customNamespace":"","dimensionFilters":[{"dimension":"availabilityResult/name","filters":["testsslmonitor-acn","testsslmonitor-cariad"],"operator":"eq"}],"metricName":"availabilityResults/duration","metricNamespace":"microsoft.insights/components","region":"eastus","resources":[{"metricNamespace":"Microsoft.Insights/components","region":"eastus","resourceGroup":"rg-clean-muskox","resourceName":"testsslmonitor","subscription":"e95d0b94-79ed-4cd0-9272-bcfceafcc77b"}],"timeGrain":"auto","top":"10"},"datasource":{"type":"grafana-azure-monitor-datasource","uid":"azure-monitor-oob"},"intervalMs":1000,"maxDataPoints":43200,"queryType":"Azure Monitor","refId":"A","subscription":"e95d0b94-79ed-4cd0-9272-bcfceafcc77b"}},{"refId":"B","relativeTimeRange":{"from":0,"to":0},"datasourceUid":"__expr__","model":{"conditions":[{"evaluator":{"params":[],"type":"gt"},"operator":{"type":"and"},"query":{"params":["B"]},"reducer":{"params":[],"type":"last"},"type":"query"}],"datasource":{"type":"__expr__","uid":"__expr__"},"expression":"A","intervalMs":1000,"maxDataPoints":43200,"reducer":"min","refId":"B","settings":{"mode":"dropNN"},"type":"reduce"}},{"refId":"C","relativeTimeRange":{"from":0,"to":0},"datasourceUid":"__expr__","model":{"conditions":[{"evaluator":{"params":[200],"type":"gt"},"operator":{"type":"and"},"query":{"params":["C"]},"reducer":{"params":[],"type":"last"},"type":"query"}],"datasource":{"type":"__expr__","uid":"__expr__"},"expression":"B","intervalMs":1000,"maxDataPoints":43200,"refId":"C","type":"threshold"}}],"dashboardUid":"fdygcxhb3xji8a","panelId":3,"noDataState":"NoData","execErrState":"Error","for":"5m","annotations":{"__dashboardUid__":"fdygcxhb3xji8a","__panelId__":"3","summary":"There is degradation in Web Endpoint responding to tests"},"labels":{"group":"ops"},"isPaused":false}]},{"orgId":1,"name":"Infrastructure Evaluation group","folder":"Azure Monitor","interval":"1m","rules":[{"uid":"cdyr7z7vabk00f","title":"Available RAM","condition":"C","data":[{"refId":"A","queryType":"Azure Monitor","relativeTimeRange":{"from":21600,"to":0},"datasourceUid":"azure-monitor-oob","model":{"azureMonitor":{"aggregation":"Average","allowedTimeGrainsMs":[60000,300000,900000,1800000,3600000,21600000,43200000,86400000],"customNamespace":"","dimensionFilters":[],"metricName":"Available Memory Bytes","metricNamespace":"microsoft.compute/virtualmachines","region":"eastus","resources":[{"metricNamespace":"Microsoft.Compute/virtualMachines","region":"eastus","resourceGroup":"rg-clean-muskox","resourceName":"vm-vital-fly0","subscription":"e95d0b94-79ed-4cd0-9272-bcfceafcc77b"},{"metricNamespace":"Microsoft.Compute/virtualMachines","region":"eastus","resourceGroup":"rg-clean-muskox","resourceName":"vm-vital-fly1","subscription":"e95d0b94-79ed-4cd0-9272-bcfceafcc77b"},{"metricNamespace":"Microsoft.Compute/virtualMachines","region":"eastus","resourceGroup":"rg-clean-muskox","resourceName":"vm-vital-fly2","subscription":"e95d0b94-79ed-4cd0-9272-bcfceafcc77b"},{"metricNamespace":"Microsoft.Compute/virtualMachines","region":"eastus","resourceGroup":"rg-clean-muskox","resourceName":"vm-vital-fly3","subscription":"e95d0b94-79ed-4cd0-9272-bcfceafcc77b"},{"metricNamespace":"Microsoft.Compute/virtualMachines","region":"eastus","resourceGroup":"rg-clean-muskox","resourceName":"vm-vital-fly5","subscription":"e95d0b94-79ed-4cd0-9272-bcfceafcc77b"},{"metricNamespace":"Microsoft.Compute/virtualMachines","region":"eastus","resourceGroup":"rg-clean-muskox","resourceName":"vm-vital-fly4","subscription":"e95d0b94-79ed-4cd0-9272-bcfceafcc77b"}],"timeGrain":"auto","top":"10"},"datasource":{"type":"grafana-azure-monitor-datasource","uid":"azure-monitor-oob"},"intervalMs":1000,"maxDataPoints":43200,"queryType":"Azure Monitor","refId":"A","subscription":"e95d0b94-79ed-4cd0-9272-bcfceafcc77b"}},{"refId":"B","relativeTimeRange":{"from":0,"to":0},"datasourceUid":"__expr__","model":{"conditions":[{"evaluator":{"params":[],"type":"gt"},"operator":{"type":"and"},"query":{"params":["B"]},"reducer":{"params":[],"type":"last"},"type":"query"}],"datasource":{"type":"__expr__","uid":"__expr__"},"expression":"A","intervalMs":1000,"maxDataPoints":43200,"reducer":"last","refId":"B","settings":{"mode":"dropNN"},"type":"reduce"}},{"refId":"C","relativeTimeRange":{"from":0,"to":0},"datasourceUid":"__expr__","model":{"conditions":[{"evaluator":{"params":[600000000],"type":"lt"},"operator":{"type":"and"},"query":{"params":["C"]},"reducer":{"params":[],"type":"last"},"type":"query"}],"datasource":{"type":"__expr__","uid":"__expr__"},"expression":"B","intervalMs":1000,"maxDataPoints":43200,"refId":"C","type":"threshold"}}],"dashboardUid":"AzVmInsightsByWStechwp04","panelId":8,"noDataState":"NoData","execErrState":"Error","for":"5m","annotations":{"__dashboardUid__":"AzVmInsightsByWStechwp04","__panelId__":"8","summary":"RAM utilization reached 70%"},"labels":{"group":"ops"},"isPaused":false},{"uid":"adyrjtwg5z01sf","title":"CPU Utilization Percentile","condition":"C","data":[{"refId":"A","queryType":"Azure Monitor","relativeTimeRange":{"from":21600,"to":0},"datasourceUid":"azure-monitor-oob","model":{"azureMonitor":{"aggregation":"Average","allowedTimeGrainsMs":[60000,300000,900000,1800000,3600000,21600000,43200000,86400000],"customNamespace":"microsoft.compute/virtualmachines","dimensionFilters":[],"metricName":"Percentage CPU","metricNamespace":"microsoft.compute/virtualmachines","region":"eastus","resources":[{"metricNamespace":"Microsoft.Compute/virtualMachines","region":"eastus","resourceGroup":"rg-clean-muskox","resourceName":"vm-vital-fly0","subscription":"e95d0b94-79ed-4cd0-9272-bcfceafcc77b"},{"metricNamespace":"Microsoft.Compute/virtualMachines","region":"eastus","resourceGroup":"rg-clean-muskox","resourceName":"vm-vital-fly1","subscription":"e95d0b94-79ed-4cd0-9272-bcfceafcc77b"},{"metricNamespace":"Microsoft.Compute/virtualMachines","region":"eastus","resourceGroup":"rg-clean-muskox","resourceName":"vm-vital-fly2","subscription":"e95d0b94-79ed-4cd0-9272-bcfceafcc77b"},{"metricNamespace":"Microsoft.Compute/virtualMachines","region":"eastus","resourceGroup":"rg-clean-muskox","resourceName":"vm-vital-fly3","subscription":"e95d0b94-79ed-4cd0-9272-bcfceafcc77b"},{"metricNamespace":"Microsoft.Compute/virtualMachines","region":"eastus","resourceGroup":"rg-clean-muskox","resourceName":"vm-vital-fly4","subscription":"e95d0b94-79ed-4cd0-9272-bcfceafcc77b"},{"metricNamespace":"Microsoft.Compute/virtualMachines","region":"eastus","resourceGroup":"rg-clean-muskox","resourceName":"vm-vital-fly5","subscription":"e95d0b94-79ed-4cd0-9272-bcfceafcc77b"}],"timeGrain":"auto","top":"10"},"datasource":{"type":"grafana-azure-monitor-datasource","uid":"azure-monitor-oob"},"intervalMs":1000,"maxDataPoints":43200,"queryType":"Azure Monitor","refId":"A","subscription":"e95d0b94-79ed-4cd0-9272-bcfceafcc77b"}},{"refId":"B","relativeTimeRange":{"from":0,"to":0},"datasourceUid":"__expr__","model":{"conditions":[{"evaluator":{"params":[],"type":"gt"},"operator":{"type":"and"},"query":{"params":["B"]},"reducer":{"params":[],"type":"last"},"type":"query"}],"datasource":{"type":"__expr__","uid":"__expr__"},"expression":"A","intervalMs":1000,"maxDataPoints":43200,"reducer":"last","refId":"B","settings":{"mode":"dropNN"},"type":"reduce"}},{"refId":"C","relativeTimeRange":{"from":0,"to":0},"datasourceUid":"__expr__","model":{"conditions":[{"evaluator":{"params":[60],"type":"gt"},"operator":{"type":"and"},"query":{"params":["C"]},"reducer":{"params":[],"type":"last"},"type":"query"}],"datasource":{"type":"__expr__","uid":"__expr__"},"expression":"B","intervalMs":1000,"maxDataPoints":43200,"refId":"C","type":"threshold"}}],"dashboardUid":"fdyd78d135beod","panelId":1,"noDataState":"NoData","execErrState":"Error","for":"5m","annotations":{"__dashboardUid__":"fdyd78d135beod","__panelId__":"1","summary":"CPU Utilization  is more than 60%"},"labels":{"group":"ops"},"isPaused":false},{"uid":"bdyrkft6dxc00a","title":"Available HDD Memory","condition":"C","data":[{"refId":"A","queryType":"Azure Log Analytics","relativeTimeRange":{"from":900,"to":0},"datasourceUid":"azure-monitor-oob","model":{"azureLogAnalytics":{"dashboardTime":false,"query":"let startDateTime = $__timeFrom;\nlet endDateTime = $__timeTo;\nlet trendBinSize =  (endDateTime - startDateTime)/100;\nlet summary = InsightsMetrics\n| where TimeGenerated between (startDateTime .. endDateTime)\n| where Origin == 'vm.azm.ms' and (Namespace == 'Memory' and Name == 'AvailableMB')\n| parse kind=regex tolower(_ResourceId) with 'resourcegroups/' resGroup '/p(.+)' *\n| where resGroup in~ ('rg-clean-muskox')\n| extend ComputerId = iff(isempty(_ResourceId), Computer, _ResourceId)\n| summarize hint.shufflekey=ComputerId score = round(avg(Val), 2) by ComputerId, Computer\n| top 10 by score;\nlet computerList=(summary\n| project ComputerId, Computer);\nlet EmptyNodeIdentityAndProps = datatable(ComputerId: string, Computer:string, NodeId:string, NodeProps:dynamic, Priority: long) [];        \nlet OmsNodeIdentityAndProps = computerList        \n| extend NodeId = ComputerId        \n| extend Priority = 1        \n| extend NodeProps = pack('type', 'StandAloneNode', 'name', Computer);        \nlet ServiceMapNodeIdentityAndProps = VMComputer        \n| where TimeGenerated \u003e= startDateTime        \n|where TimeGenerated \u003c endDateTime        \n| extend ResourceId = strcat('machines/', Machine)         \n| extend tempComputerId=iff(isempty(_ResourceId), Computer, _ResourceId) \n| extend laResourceId = iff(isempty(_ResourceId),'', replace(@'virtualmachinescalesets/(.+)/virtualmachines/(\\\\d+)', @'virtualmachinescalesets/\\\\1/virtualmachines/\\\\1_\\\\2', _ResourceId))\n| extend oldLaResourceId=iff(isempty(_ResourceId),'',replace(@'virtualmachinescalesets/(.+)/virtualmachines/(\\\\d+)',@'virtualmachines/\\\\1_\\\\2', _ResourceId))        \n| where tempComputerId in~ (computerList) or laResourceId in (computerList) or oldLaResourceId in (computerList) \n| extend ComputerId = iff(laResourceId in (computerList), laResourceId, iff(oldLaResourceId in (computerList), oldLaResourceId, tempComputerId))        \n| summarize arg_max(TimeGenerated, *) by Machine        \n| extend                  AzureCloudServiceNodeIdentity = iif(isnotempty(AzureCloudServiceName),                      strcat(AzureCloudServiceInstanceId, '|', AzureCloudServiceDeployment), ''),                  AzureScaleSetNodeIdentity = iif(isnotempty(AzureVmScaleSetName),                      strcat(AzureVmScaleSetInstanceId, '|', AzureVmScaleSetDeployment), ''),                  ComputerProps =                      pack('type', 'StandAloneNode',                           'name', DisplayName,                           'mappingResourceId', ResourceId,                           'subscriptionId', AzureSubscriptionId,                           'resourceGroup', AzureResourceGroup,                           'azureResourceId', _ResourceId),                  AzureCloudServiceNodeProps =                      pack('type', 'AzureCloudServiceNode',                           'cloudServiceInstanceId', AzureCloudServiceInstanceId,                           'cloudServiceRoleName', AzureCloudServiceRoleName,                           'cloudServiceDeploymentId', AzureCloudServiceDeployment,                           'fullDisplayName', FullDisplayName,                           'cloudServiceName', AzureCloudServiceName,                           'mappingResourceId', ResourceId),                  AzureScaleSetNodeProps =                       pack('type', 'AzureScaleSetNode',                           'scaleSetInstanceId', AzureResourceName,                           'vmScaleSetDeploymentId', AzureVmScaleSetDeployment,                           'vmScaleSetName', AzureVmScaleSetName,                           'serviceFabricClusterName', AzureServiceFabricClusterName,                           'vmScaleSetResourceId', AzureVmScaleSetResourceId,                           'resourceGroupName', AzureResourceGroup,                           'subscriptionId', AzureSubscriptionId,                           'fullDisplayName', FullDisplayName,                           'mappingResourceId', ResourceId)        \n| project   ComputerId,                    Computer,                    NodeId = case(isnotempty(AzureCloudServiceNodeIdentity), AzureCloudServiceNodeIdentity,                               isnotempty(AzureScaleSetNodeIdentity), AzureScaleSetNodeIdentity, Computer),                    NodeProps = case(isnotempty(AzureCloudServiceNodeIdentity), AzureCloudServiceNodeProps,                                  isnotempty(AzureScaleSetNodeIdentity), AzureScaleSetNodeProps, ComputerProps),                    Priority = 2;        \nlet NodeIdentityAndProps = union kind=inner isfuzzy = true  EmptyNodeIdentityAndProps, OmsNodeIdentityAndProps, ServiceMapNodeIdentityAndProps                                    \n| summarize arg_max(Priority, *) by ComputerId;\nsummary\n| join (InsightsMetrics\n| where TimeGenerated between (startDateTime .. endDateTime)\n| where Origin == 'vm.azm.ms' and (Namespace == 'Memory' and Name == 'AvailableMB')\n| extend ComputerId = iff(isempty(_ResourceId), Computer, _ResourceId)\n| where ComputerId in (computerList)\n| summarize score = round(avg(Val), 2) by bin(TimeGenerated, trendBinSize), ComputerId\n| sort by TimeGenerated asc) on ComputerId\n","resources":["/subscriptions/e95d0b94-79ed-4cd0-9272-bcfceafcc77b/resourceGroups/rg-clean-muskox/providers/Microsoft.OperationalInsights/workspaces/log-vm-vital-fly"],"resultFormat":"table","timeColumn":"","workspace":""},"datasource":{"uid":"${ds}"},"intervalMs":1000,"maxDataPoints":43200,"queryType":"Azure Log Analytics","refId":"A","subscription":"","subscriptions":[]}},{"refId":"B","relativeTimeRange":{"from":0,"to":0},"datasourceUid":"__expr__","model":{"conditions":[{"evaluator":{"params":[],"type":"gt"},"operator":{"type":"and"},"query":{"params":["B"]},"reducer":{"params":[],"type":"last"},"type":"query"}],"datasource":{"type":"__expr__","uid":"__expr__"},"expression":"A","intervalMs":1000,"maxDataPoints":43200,"reducer":"last","refId":"B","settings":{"mode":"dropNN"},"type":"reduce"}},{"refId":"C","relativeTimeRange":{"from":0,"to":0},"datasourceUid":"__expr__","model":{"conditions":[{"evaluator":{"params":[600000000],"type":"lt"},"operator":{"type":"and"},"query":{"params":["C"]},"reducer":{"params":[],"type":"last"},"type":"query"}],"datasource":{"type":"__expr__","uid":"__expr__"},"expression":"B","intervalMs":1000,"maxDataPoints":43200,"refId":"C","type":"threshold"}}],"dashboardUid":"AzVmInsightsByWStechwp04","panelId":8,"noDataState":"NoData","execErrState":"Error","for":"5m","annotations":{"__dashboardUid__":"AzVmInsightsByWStechwp04","__panelId__":"8","summary":"Available memory is less than 30%"},"labels":{"group":"ops"},"isPaused":false}]}]}