{
  "annotations": {
    "list": [
      {
        "builtIn": 1,
        "datasource": {
          "type": "grafana",
          "uid": "-- Grafana --"
        },
        "enable": true,
        "hide": true,
        "iconColor": "rgba(0, 211, 255, 1)",
        "name": "Annotations & Alerts",
        "type": "dashboard"
      }
    ]
  },
  "editable": true,
  "fiscalYearStartMonth": 0,
  "graphTooltip": 0,
  "id": 36,
  "links": [],
  "panels": [
    {
      "datasource": {
        "type": "grafana-azure-monitor-datasource",
        "uid": "azure-monitor-oob"
      },
      "fieldConfig": {
        "defaults": {
          "color": {
            "mode": "thresholds"
          },
          "custom": {
            "axisBorderShow": false,
            "axisCenteredZero": false,
            "axisColorMode": "text",
            "axisLabel": "",
            "axisPlacement": "auto",
            "fillOpacity": 80,
            "gradientMode": "none",
            "hideFrom": {
              "legend": false,
              "tooltip": false,
              "viz": false
            },
            "lineWidth": 1,
            "scaleDistribution": {
              "type": "linear"
            },
            "thresholdsStyle": {
              "mode": "dashed+area"
            }
          },
          "fieldMinMax": false,
          "mappings": [],
          "max": 365,
          "thresholds": {
            "mode": "absolute",
            "steps": [
              {
                "color": "dark-red",
                "value": null
              },
              {
                "color": "dark-orange",
                "value": 90
              },
              {
                "color": "dark-green",
                "value": 200
              }
            ]
          },
          "unit": "days"
        },
        "overrides": []
      },
      "gridPos": {
        "h": 9,
        "w": 6,
        "x": 0,
        "y": 0
      },
      "id": 4,
      "options": {
        "barRadius": 0,
        "barWidth": 0.97,
        "fullHighlight": false,
        "groupWidth": 0.7,
        "legend": {
          "calcs": [],
          "displayMode": "list",
          "placement": "bottom",
          "showLegend": true
        },
        "orientation": "auto",
        "showValue": "auto",
        "stacking": "none",
        "tooltip": {
          "mode": "single",
          "sort": "none"
        },
        "xTickLabelRotation": 0,
        "xTickLabelSpacing": 0
      },
      "pluginVersion": "10.4.7",
      "targets": [
        {
          "azureLogAnalytics": {
            "dashboardTime": true,
            "query": "availabilityResults\n| where message contains \"Certificate will expire in\"\n| where name contains \"testsslmonitor-acn\"\n| extend ExpireDays = toint(extract(\"Certificate will expire in ([0-9]+) day\", 1, message))\n| sort by timestamp desc\n| limit 1\n| project name, ExpireDays",
            "resources": [
              "/subscriptions/e95d0b94-79ed-4cd0-9272-bcfceafcc77b/resourceGroups/rg-clean-muskox/providers/Microsoft.Insights/components/testsslmonitor"
            ],
            "resultFormat": "logs",
            "timeColumn": "timestamp"
          },
          "datasource": {
            "type": "grafana-azure-monitor-datasource",
            "uid": "azure-monitor-oob"
          },
          "queryType": "Azure Log Analytics",
          "refId": "A"
        }
      ],
      "title": "SSL Expire testsslmonitor-acn",
      "type": "barchart"
    },
    {
      "datasource": {
        "type": "grafana-azure-monitor-datasource",
        "uid": "azure-monitor-oob"
      },
      "fieldConfig": {
        "defaults": {
          "color": {
            "mode": "thresholds"
          },
          "custom": {
            "axisBorderShow": false,
            "axisCenteredZero": false,
            "axisColorMode": "text",
            "axisLabel": "",
            "axisPlacement": "auto",
            "fillOpacity": 80,
            "gradientMode": "none",
            "hideFrom": {
              "legend": false,
              "tooltip": false,
              "viz": false
            },
            "lineWidth": 1,
            "scaleDistribution": {
              "type": "linear"
            },
            "thresholdsStyle": {
              "mode": "dashed+area"
            }
          },
          "fieldMinMax": false,
          "mappings": [],
          "max": 365,
          "thresholds": {
            "mode": "absolute",
            "steps": [
              {
                "color": "dark-red",
                "value": null
              },
              {
                "color": "dark-orange",
                "value": 90
              },
              {
                "color": "dark-green",
                "value": 200
              }
            ]
          },
          "unit": "days"
        },
        "overrides": []
      },
      "gridPos": {
        "h": 9,
        "w": 6,
        "x": 6,
        "y": 0
      },
      "id": 5,
      "options": {
        "barRadius": 0,
        "barWidth": 0.97,
        "fullHighlight": false,
        "groupWidth": 0.7,
        "legend": {
          "calcs": [],
          "displayMode": "list",
          "placement": "bottom",
          "showLegend": true
        },
        "orientation": "auto",
        "showValue": "auto",
        "stacking": "none",
        "tooltip": {
          "mode": "single",
          "sort": "none"
        },
        "xTickLabelRotation": 0,
        "xTickLabelSpacing": 0
      },
      "pluginVersion": "10.4.7",
      "targets": [
        {
          "azureLogAnalytics": {
            "dashboardTime": true,
            "query": "availabilityResults\n| where message contains \"Certificate will expire in\"\n| where name contains \"testsslmonitor-cariad\"\n| extend ExpireDays = toint(extract(\"Certificate will expire in ([0-9]+) day\", 1, message))\n| sort by timestamp desc\n| limit 1\n| project name, ExpireDays",
            "resources": [
              "/subscriptions/e95d0b94-79ed-4cd0-9272-bcfceafcc77b/resourceGroups/rg-clean-muskox/providers/Microsoft.Insights/components/testsslmonitor"
            ],
            "resultFormat": "logs",
            "timeColumn": "timestamp"
          },
          "datasource": {
            "type": "grafana-azure-monitor-datasource",
            "uid": "azure-monitor-oob"
          },
          "queryType": "Azure Log Analytics",
          "refId": "A"
        }
      ],
      "title": "SSL Expire testsslmonitor-cariad",
      "type": "barchart"
    },
    {
      "datasource": {
        "type": "grafana-azure-monitor-datasource",
        "uid": "azure-monitor-oob"
      },
      "fieldConfig": {
        "defaults": {
          "color": {
            "mode": "palette-classic"
          },
          "custom": {
            "axisBorderShow": false,
            "axisCenteredZero": false,
            "axisColorMode": "text",
            "axisLabel": "",
            "axisPlacement": "auto",
            "barAlignment": 0,
            "drawStyle": "line",
            "fillOpacity": 0,
            "gradientMode": "none",
            "hideFrom": {
              "legend": false,
              "tooltip": false,
              "viz": false
            },
            "insertNulls": false,
            "lineInterpolation": "linear",
            "lineWidth": 1,
            "pointSize": 5,
            "scaleDistribution": {
              "type": "linear"
            },
            "showPoints": "auto",
            "spanNulls": false,
            "stacking": {
              "group": "A",
              "mode": "none"
            },
            "thresholdsStyle": {
              "mode": "area"
            }
          },
          "mappings": [],
          "thresholds": {
            "mode": "absolute",
            "steps": [
              {
                "color": "dark-green",
                "value": null
              },
              {
                "color": "#EAB839",
                "value": 200
              },
              {
                "color": "dark-red",
                "value": 800
              }
            ]
          },
          "unit": "ms"
        },
        "overrides": []
      },
      "gridPos": {
        "h": 9,
        "w": 12,
        "x": 12,
        "y": 0
      },
      "id": 3,
      "options": {
        "legend": {
          "calcs": [],
          "displayMode": "list",
          "placement": "bottom",
          "showLegend": true
        },
        "tooltip": {
          "mode": "single",
          "sort": "none"
        }
      },
      "pluginVersion": "10.4.7",
      "targets": [
        {
          "azureMonitor": {
            "aggregation": "Average",
            "allowedTimeGrainsMs": [
              60000,
              300000,
              900000,
              1800000,
              3600000,
              21600000,
              43200000,
              86400000
            ],
            "dimensionFilters": [
              {
                "dimension": "availabilityResult/name",
                "filters": [
                  "testsslmonitor-acn",
                  "testsslmonitor-cariad"
                ],
                "operator": "eq"
              }
            ],
            "metricName": "availabilityResults/duration",
            "metricNamespace": "microsoft.insights/components",
            "region": "eastus",
            "resources": [
              {
                "metricNamespace": "Microsoft.Insights/components",
                "region": "eastus",
                "resourceGroup": "rg-clean-muskox",
                "resourceName": "testsslmonitor",
                "subscription": "e95d0b94-79ed-4cd0-9272-bcfceafcc77b"
              }
            ],
            "timeGrain": "auto",
            "top": ""
          },
          "datasource": {
            "type": "grafana-azure-monitor-datasource",
            "uid": "azure-monitor-oob"
          },
          "queryType": "Azure Monitor",
          "refId": "A",
          "subscription": "e95d0b94-79ed-4cd0-9272-bcfceafcc77b"
        }
      ],
      "title": "Web Endpoint Test latency",
      "type": "timeseries"
    },
    {
      "datasource": {
        "type": "grafana-azure-monitor-datasource",
        "uid": "azure-monitor-oob"
      },
      "fieldConfig": {
        "defaults": {
          "color": {
            "mode": "palette-classic"
          },
          "custom": {
            "axisBorderShow": false,
            "axisCenteredZero": false,
            "axisColorMode": "text",
            "axisLabel": "",
            "axisPlacement": "auto",
            "barAlignment": 0,
            "drawStyle": "line",
            "fillOpacity": 0,
            "gradientMode": "none",
            "hideFrom": {
              "legend": false,
              "tooltip": false,
              "viz": false
            },
            "insertNulls": false,
            "lineInterpolation": "linear",
            "lineWidth": 1,
            "pointSize": 5,
            "scaleDistribution": {
              "type": "linear"
            },
            "showPoints": "auto",
            "spanNulls": false,
            "stacking": {
              "group": "A",
              "mode": "none"
            },
            "thresholdsStyle": {
              "mode": "off"
            }
          },
          "mappings": [],
          "thresholds": {
            "mode": "absolute",
            "steps": [
              {
                "color": "green",
                "value": null
              },
              {
                "color": "#EAB839",
                "value": 1
              }
            ]
          }
        },
        "overrides": []
      },
      "gridPos": {
        "h": 9,
        "w": 12,
        "x": 0,
        "y": 9
      },
      "id": 6,
      "options": {
        "legend": {
          "calcs": [],
          "displayMode": "list",
          "placement": "bottom",
          "showLegend": true
        },
        "tooltip": {
          "mode": "single",
          "sort": "none"
        }
      },
      "targets": [
        {
          "azureMonitor": {
            "aggregation": "Average",
            "allowedTimeGrainsMs": [
              60000,
              300000,
              900000,
              1800000,
              3600000,
              21600000,
              43200000,
              86400000
            ],
            "customNamespace": "microsoft.insights/components",
            "dimensionFilters": [
              {
                "dimension": "availabilityResult/name",
                "filters": [
                  "testhttpmonitor-acn",
                  "testhttpmonitor-cariad"
                ],
                "operator": "eq"
              }
            ],
            "metricName": "availabilityResults/availabilityPercentage",
            "metricNamespace": "microsoft.insights/components",
            "region": "eastus",
            "resources": [
              {
                "metricNamespace": "Microsoft.Insights/components",
                "region": "eastus",
                "resourceGroup": "rg-clean-muskox",
                "resourceName": "testsslmonitor",
                "subscription": "e95d0b94-79ed-4cd0-9272-bcfceafcc77b"
              }
            ],
            "timeGrain": "auto",
            "top": ""
          },
          "datasource": {
            "type": "grafana-azure-monitor-datasource",
            "uid": "azure-monitor-oob"
          },
          "queryType": "Azure Monitor",
          "refId": "A",
          "subscription": "e95d0b94-79ed-4cd0-9272-bcfceafcc77b"
        }
      ],
      "title": "Availability requests HTTP status 200",
      "type": "timeseries"
    },
    {
      "datasource": {
        "type": "grafana-azure-monitor-datasource",
        "uid": "azure-monitor-oob"
      },
      "fieldConfig": {
        "defaults": {
          "color": {
            "mode": "palette-classic"
          },
          "custom": {
            "axisBorderShow": false,
            "axisCenteredZero": false,
            "axisColorMode": "text",
            "axisLabel": "",
            "axisPlacement": "auto",
            "barAlignment": 0,
            "drawStyle": "line",
            "fillOpacity": 0,
            "gradientMode": "none",
            "hideFrom": {
              "legend": false,
              "tooltip": false,
              "viz": false
            },
            "insertNulls": false,
            "lineInterpolation": "linear",
            "lineWidth": 1,
            "pointSize": 5,
            "scaleDistribution": {
              "type": "linear"
            },
            "showPoints": "auto",
            "spanNulls": false,
            "stacking": {
              "group": "A",
              "mode": "none"
            },
            "thresholdsStyle": {
              "mode": "off"
            }
          },
          "mappings": [],
          "thresholds": {
            "mode": "absolute",
            "steps": [
              {
                "color": "green",
                "value": null
              },
              {
                "color": "#EAB839",
                "value": 1
              }
            ]
          }
        },
        "overrides": []
      },
      "gridPos": {
        "h": 9,
        "w": 12,
        "x": 12,
        "y": 9
      },
      "id": 2,
      "options": {
        "legend": {
          "calcs": [],
          "displayMode": "list",
          "placement": "bottom",
          "showLegend": true
        },
        "tooltip": {
          "mode": "single",
          "sort": "none"
        }
      },
      "targets": [
        {
          "azureMonitor": {
            "aggregation": "Count",
            "allowedTimeGrainsMs": [
              60000,
              300000,
              900000,
              1800000,
              3600000,
              21600000,
              43200000,
              86400000
            ],
            "dimensionFilters": [],
            "metricName": "requests/failed",
            "metricNamespace": "microsoft.insights/components",
            "region": "eastus",
            "resources": [
              {
                "metricNamespace": "Microsoft.Insights/components",
                "region": "eastus",
                "resourceGroup": "rg-clean-muskox",
                "resourceName": "testsslmonitor",
                "subscription": "e95d0b94-79ed-4cd0-9272-bcfceafcc77b"
              }
            ],
            "timeGrain": "auto",
            "top": ""
          },
          "datasource": {
            "type": "grafana-azure-monitor-datasource",
            "uid": "azure-monitor-oob"
          },
          "queryType": "Azure Monitor",
          "refId": "A",
          "subscription": "e95d0b94-79ed-4cd0-9272-bcfceafcc77b"
        }
      ],
      "title": "Failed availability requests",
      "type": "timeseries"
    }
  ],
  "refresh": "",
  "schemaVersion": 39,
  "tags": [],
  "templating": {
    "list": []
  },
  "time": {
    "from": "now-6h",
    "to": "now"
  },
  "timepicker": {},
  "timezone": "browser",
  "title": "WP04 - Endpoint monitoring",
  "uid": "fdygcxhb3xji8a",
  "version": 12,
  "weekStart": ""
}