{
  "variables": {
    "client_id": "",
    "client_secret": "",
    "tenant_id": "",
    "subscription_id": ""
  },
  "builders": [
    {
      "type": "azure-arm",
      "client_id": "{{user `client_id`}}",
      "client_secret": "{{user `client_secret`}}",
      "subscription_id": "{{user `subscription_id`}}",
      "tenant_id": "{{user `tenant_id`}}",
      "managed_image_resource_group_name": "myResourceGroup",
      "managed_image_name": "myUbuntuImage",
      "os_type": "Linux",
      "image_publisher": "Canonical",
      "image_offer": "0001-com-ubuntu-server-jammy",
      "image_sku": "22_04-lts",
      "location": "West Europe",
      "vm_size": "Standard_DS1_v2"
    }
  ],
  "provisioners": [
    {
      "type": "shell",
      "inline": [
        "export DEBIAN_FRONTEND=noninteractive",
        "sudo apt-get update",
        "sudo apt-get install -y wget unzip",
        "wget https://github.com/OpenSCAP/scap-security-guide/releases/download/v0.1.74/scap-security-guide-0.1.74.zip"
,
        "yes | unzip scap-security-guide-0.1.74.zip",
        "sudo apt-get install -y libopenscap8",
        "for script in /tmp/script_*.sh; do chmod +x $script; done",
        "sudo oscap xccdf eval --force --profile xccdf_org.ssgproject.content_profile_cis_level1_workstation --results-arf before-results.xml --report before-report.html scap-security-guide-0.1.74/ssg-ubuntu2204-ds.xml",
        "sudo oscap xccdf eval --force --profile xccdf_org.ssgproject.content_profile_cis_level1_workstation --remediate --results-arf after-results.xml --report after-report.html scap-security-guide-0.1.74/ssg-ubuntu2204-ds.xml"
      ],
      "pause_before": "30s",
      "timeout": "30m"
    },
    {
      "type": "file",
      "source": "deprovision.sh",
      "destination": "/tmp/deprovision.sh"
    },
    {
      "type": "shell",
      "inline": [
        "sudo chmod +x /tmp/deprovision.sh",
        "sudo /tmp/deprovision.sh"
      ]
    }
  ]
}
